classification_id,user_id,user_name,workflow_id,annotations,metadata,subject_ids
0,0,Dave,0,"[{""value"": ""1""}]","{""seen_before"": false}",0
1,1,Stuart,0,"[{""value"": ""N""}]","{""seen_before"": false}",1
2,2,Jerry,0,"[{""value"": ""N""}]","{""seen_before"": false}",2
3,3,Kevin,0,"[{""value"": ""1""}]","{""seen_before"": false}",3
4,4,Tim,0,"[{""value"": ""1""}]","{""seen_before"": false}",4
5,5,Mark,0,"[{""value"": ""N""}]","{""seen_before"": false}",5
6,6,Phil,0,"[{""value"": ""1""}]","{""seen_before"": false}",6
7,7,Carl,0,"[{""value"": ""1""}]","{""seen_before"": false}",7
8,8,Josh,0,"[{""value"": ""1""}]","{""seen_before"": false}",8
9,0,Dave,0,"[{""value"": ""1""}]","{""seen_before"": false}",9
10,1,Stuart,0,"[{""value"": ""2""}]","{""seen_before"": false}",10
11,2,Jerry,0,"[{""value"": ""N""}]","{""seen_before"": false}",11
12,3,Kevin,0,"[{""value"": ""1""}]","{""seen_before"": false}",12
13,4,Tim,0,"[{""value"": ""2""}]","{""seen_before"": false}",13
14,5,Mark,0,"[{""value"": ""2""}]","{""seen_before"": false}",14
15,6,Phil,0,"[{""value"": ""2""}]","{""seen_before"": false}",15
16,7,Carl,0,"[{""value"": ""2""}]","{""seen_before"": false}",16
17,8,Josh,0,"[{""value"": ""1""}]","{""seen_before"": false}",17
18,0,Dave,0,"[{""value"": ""2""}]","{""seen_before"": false}",18
19,1,Stuart,0,"[{""value"": ""1""}]","{""seen_before"": false}",19
20,2,Jerry,0,"[{""value"": ""2""}]","{""seen_before"": false}",20
21,3,Kevin,0,"[{""value"": ""1""}]","{""seen_before"": false}",21
22,4,Tim,0,"[{""value"": ""N""}]","{""seen_before"": false}",22
23,5,Mark,0,"[{""value"": ""2""}]","{""seen_before"": false}",23
24,6,Phil,0,"[{""value"": ""N""}]","{""seen_before"": false}",24
25,7,Carl,0,"[{""value"": ""2""}]","{""seen_before"": false}",25
26,8,Josh,0,"[{""value"": ""2""}]","{""seen_before"": false}",26
27,0,Dave,0,"[{""value"": ""N""}]","{""seen_before"": false}",27
28,1,Stuart,0,"[{""value"": ""1""}]","{""seen_before"": false}",28
29,2,Jerry,0,"[{""value"": ""2""}]","{""seen_before"": false}",29
30,3,Kevin,0,"[{""value"": ""2""}]","{""seen_before"": false}",30
31,4,Tim,0,"[{""value"": ""2""}]","{""seen_before"": false}",31
32,5,Mark,0,"[{""value"": ""1""}]","{""seen_before"": false}",32
33,6,Phil,0,"[{""value"": ""1""}]","{""seen_before"": false}",33
34,7,Carl,0,"[{""value"": ""N""}]","{""seen_before"": false}",34
35,8,Josh,0,"[{""value"": ""1""}]","{""seen_before"": false}",35
36,0,Dave,0,"[{""value"": ""1""}]","{""seen_before"": false}",36
37,1,Stuart,0,"[{""value"": ""1""}]","{""seen_before"": false}",37
38,2,Jerry,0,"[{""value"": ""2""}]","{""seen_before"": false}",38
39,3,Kevin,0,"[{""value"": ""1""}]","{""seen_before"": false}",39
40,4,Tim,0,"[{""value"": ""1""}]","{""seen_before"": false}",40
41,5,Mark,0,"[{""value"": ""N""}]","{""seen_before"": false}",41
42,6,Phil,0,"[{""value"": ""N""}]","{""seen_before"": false}",42
43,7,Carl,0,"[{""value"": ""2""}]","{""seen_before"": false}",43
44,8,Josh,0,"[{""value"": ""N""}]","{""seen_before"": false}",44
45,0,Dave,0,"[{""value"": ""N""}]","{""seen_before"": false}",45
46,1,Stuart,0,"[{""value"": ""1""}]","{""seen_before"": false}",46
47,2,Jerry,0,"[{""value"": ""2""}]","{""seen_before"": false}",47
48,3,Kevin,0,"[{""value"": ""1""}]","{""seen_before"": false}",48
49,4,Tim,0,"[{""value"": ""2""}]","{""seen_before"": false}",49
50,5,Mark,0,"[{""value"": ""1""}]","{""seen_before"": false}",50
51,6,Phil,0,"[{""value"": ""N""}]","{""seen_before"": false}",51
52,7,Carl,0,"[{""value"": ""N""}]","{""seen_before"": false}",52
53,8,Josh,0,"[{""value"": ""2""}]","{""seen_before"": false}",53
54,0,Dave,0,"[{""value"": ""2""}]","{""seen_before"": false}",54
55,1,Stuart,0,"[{""value"": ""N""}]","{""seen_before"": false}",55
56,2,Jerry,0,"[{""value"": ""N""}]","{""seen_before"": false}",56
57,3,Kevin,0,"[{""value"": ""N""}]","{""seen_before"": false}",57
58,4,Tim,0,"[{""value"": ""2""}]","{""seen_before"": false}",58
59,5,Mark,0,"[{""value"": ""1""}]","{""seen_before"": false}",59
60,6,Phil,0,"[{""value"": ""1""}]","{""seen_before"": false}",60
61,7,Carl,0,"[{""value"": ""2""}]","{""seen_before"": false}",61
62,8,Josh,0,"[{""value"": ""N""}]","{""seen_before"": false}",62
63,0,Dave,0,"[{""value"": ""N""}]","{""seen_before"": false}",63
64,1,Stuart,0,"[{""value"": ""2""}]","{""seen_before"": false}",64
65,2,Jerry,0,"[{""value"": ""N""}]","{""seen_before"": false}",65
66,3,Kevin,0,"[{""value"": ""1""}]","{""seen_before"": false}",66
67,4,Tim,0,"[{""value"": ""1""}]","{""seen_before"": false}",67
68,5,Mark,0,"[{""value"": ""N""}]","{""seen_before"": false}",68
69,6,Phil,0,"[{""value"": ""1""}]","{""seen_before"": false}",69
70,7,Carl,0,"[{""value"": ""N""}]","{""seen_before"": false}",70
71,8,Josh,0,"[{""value"": ""1""}]","{""seen_before"": false}",71
72,0,Dave,0,"[{""value"": ""2""}]","{""seen_before"": false}",72
73,1,Stuart,0,"[{""value"": ""1""}]","{""seen_before"": false}",73
74,2,Jerry,0,"[{""value"": ""N""}]","{""seen_before"": false}",74
75,3,Kevin,0,"[{""value"": ""2""}]","{""seen_before"": false}",75
76,4,Tim,0,"[{""value"": ""1""}]","{""seen_before"": false}",76
77,5,Mark,0,"[{""value"": ""1""}]","{""seen_before"": false}",77
78,6,Phil,0,"[{""value"": ""1""}]","{""seen_before"": false}",78
79,7,Carl,0,"[{""value"": ""1""}]","{""seen_before"": false}",79
80,8,Josh,0,"[{""value"": ""2""}]","{""seen_before"": false}",80
81,0,Dave,0,"[{""value"": ""2""}]","{""seen_before"": false}",81
82,1,Stuart,0,"[{""value"": ""2""}]","{""seen_before"": false}",82
83,2,Jerry,0,"[{""value"": ""2""}]","{""seen_before"": false}",83
84,3,Kevin,0,"[{""value"": ""N""}]","{""seen_before"": false}",84
85,4,Tim,0,"[{""value"": ""1""}]","{""seen_before"": false}",85
86,5,Mark,0,"[{""value"": ""1""}]","{""seen_before"": false}",86
87,6,Phil,0,"[{""value"": ""1""}]","{""seen_before"": false}",87
88,7,Carl,0,"[{""value"": ""1""}]","{""seen_before"": false}",88
89,8,Josh,0,"[{""value"": ""1""}]","{""seen_before"": false}",89
90,0,Dave,0,"[{""value"": ""N""}]","{""seen_before"": false}",90
91,1,Stuart,0,"[{""value"": ""2""}]","{""seen_before"": false}",91
92,2,Jerry,0,"[{""value"": ""N""}]","{""seen_before"": false}",92
93,3,Kevin,0,"[{""value"": ""N""}]","{""seen_before"": false}",93
94,4,Tim,0,"[{""value"": ""2""}]","{""seen_before"": false}",94
95,5,Mark,0,"[{""value"": ""1""}]","{""seen_before"": false}",95
96,6,Phil,0,"[{""value"": ""2""}]","{""seen_before"": false}",96
97,7,Carl,0,"[{""value"": ""1""}]","{""seen_before"": false}",97
98,8,Josh,0,"[{""value"": ""N""}]","{""seen_before"": false}",98
99,0,Dave,0,"[{""value"": ""2""}]","{""seen_before"": false}",99
100,1,Stuart,0,"[{""value"": ""1""}]","{""seen_before"": false}",0
101,2,Jerry,0,"[{""value"": ""1""}]","{""seen_before"": false}",1
102,3,Kevin,0,"[{""value"": ""2""}]","{""seen_before"": false}",2
103,4,Tim,0,"[{""value"": ""N""}]","{""seen_before"": false}",3
104,5,Mark,0,"[{""value"": ""2""}]","{""seen_before"": false}",4
105,6,Phil,0,"[{""value"": ""1""}]","{""seen_before"": false}",5
106,7,Carl,0,"[{""value"": ""1""}]","{""seen_before"": false}",6
107,8,Josh,0,"[{""value"": ""1""}]","{""seen_before"": false}",7
108,0,Dave,0,"[{""value"": ""2""}]","{""seen_before"": false}",8
109,1,Stuart,0,"[{""value"": ""1""}]","{""seen_before"": false}",9
110,2,Jerry,0,"[{""value"": ""N""}]","{""seen_before"": false}",10
111,3,Kevin,0,"[{""value"": ""2""}]","{""seen_before"": false}",11
112,4,Tim,0,"[{""value"": ""1""}]","{""seen_before"": false}",12
113,5,Mark,0,"[{""value"": ""2""}]","{""seen_before"": false}",13
114,6,Phil,0,"[{""value"": ""2""}]","{""seen_before"": false}",14
115,7,Carl,0,"[{""value"": ""N""}]","{""seen_before"": false}",15
116,8,Josh,0,"[{""value"": ""N""}]","{""seen_before"": false}",16
117,0,Dave,0,"[{""value"": ""N""}]","{""seen_before"": false}",17
118,1,Stuart,0,"[{""value"": ""2""}]","{""seen_before"": false}",18
119,2,Jerry,0,"[{""value"": ""N""}]","{""seen_before"": false}",19
120,3,Kevin,0,"[{""value"": ""1""}]","{""seen_before"": false}",20
121,4,Tim,0,"[{""value"": ""2""}]","{""seen_before"": false}",21
122,5,Mark,0,"[{""value"": ""1""}]","{""seen_before"": false}",22
123,6,Phil,0,"[{""value"": ""2""}]","{""seen_before"": false}",23
124,7,Carl,0,"[{""value"": ""1""}]","{""seen_before"": false}",24
125,8,Josh,0,"[{""value"": ""1""}]","{""seen_before"": false}",25
126,0,Dave,0,"[{""value"": ""N""}]","{""seen_before"": false}",26
127,1,Stuart,0,"[{""value"": ""N""}]","{""seen_before"": false}",27
128,2,Jerry,0,"[{""value"": ""1""}]","{""seen_before"": false}",28
129,3,Kevin,0,"[{""value"": ""2""}]","{""seen_before"": false}",29
130,4,Tim,0,"[{""value"": ""2""}]","{""seen_before"": false}",30
131,5,Mark,0,"[{""value"": ""1""}]","{""seen_before"": false}",31
132,6,Phil,0,"[{""value"": ""1""}]","{""seen_before"": false}",32
133,7,Carl,0,"[{""value"": ""N""}]","{""seen_before"": false}",33
134,8,Josh,0,"[{""value"": ""N""}]","{""seen_before"": false}",34
135,0,Dave,0,"[{""value"": ""2""}]","{""seen_before"": false}",35
136,1,Stuart,0,"[{""value"": ""1""}]","{""seen_before"": false}",36
137,2,Jerry,0,"[{""value"": ""N""}]","{""seen_before"": false}",37
138,3,Kevin,0,"[{""value"": ""1""}]","{""seen_before"": false}",38
139,4,Tim,0,"[{""value"": ""N""}]","{""seen_before"": false}",39
140,5,Mark,0,"[{""value"": ""2""}]","{""seen_before"": false}",40
141,6,Phil,0,"[{""value"": ""N""}]","{""seen_before"": false}",41
142,7,Carl,0,"[{""value"": ""N""}]","{""seen_before"": false}",42
143,8,Josh,0,"[{""value"": ""2""}]","{""seen_before"": false}",43
144,0,Dave,0,"[{""value"": ""2""}]","{""seen_before"": false}",44
145,1,Stuart,0,"[{""value"": ""N""}]","{""seen_before"": false}",45
146,2,Jerry,0,"[{""value"": ""2""}]","{""seen_before"": false}",46
147,3,Kevin,0,"[{""value"": ""1""}]","{""seen_before"": false}",47
148,4,Tim,0,"[{""value"": ""1""}]","{""seen_before"": false}",48
149,5,Mark,0,"[{""value"": ""N""}]","{""seen_before"": false}",49
150,6,Phil,0,"[{""value"": ""N""}]","{""seen_before"": false}",50
151,7,Carl,0,"[{""value"": ""N""}]","{""seen_before"": false}",51
152,8,Josh,0,"[{""value"": ""N""}]","{""seen_before"": false}",52
153,0,Dave,0,"[{""value"": ""1""}]","{""seen_before"": false}",53
154,1,Stuart,0,"[{""value"": ""2""}]","{""seen_before"": false}",54
155,2,Jerry,0,"[{""value"": ""1""}]","{""seen_before"": false}",55
156,3,Kevin,0,"[{""value"": ""2""}]","{""seen_before"": false}",56
157,4,Tim,0,"[{""value"": ""1""}]","{""seen_before"": false}",57
158,5,Mark,0,"[{""value"": ""2""}]","{""seen_before"": false}",58
159,6,Phil,0,"[{""value"": ""N""}]","{""seen_before"": false}",59
160,7,Carl,0,"[{""value"": ""1""}]","{""seen_before"": false}",60
161,8,Josh,0,"[{""value"": ""1""}]","{""seen_before"": false}",61
162,0,Dave,0,"[{""value"": ""1""}]","{""seen_before"": false}",62
163,1,Stuart,0,"[{""value"": ""N""}]","{""seen_before"": false}",63
164,2,Jerry,0,"[{""value"": ""N""}]","{""seen_before"": false}",64
165,3,Kevin,0,"[{""value"": ""1""}]","{""seen_before"": false}",65
166,4,Tim,0,"[{""value"": ""2""}]","{""seen_before"": false}",66
167,5,Mark,0,"[{""value"": ""1""}]","{""seen_before"": false}",67
168,6,Phil,0,"[{""value"": ""2""}]","{""seen_before"": false}",68
169,7,Carl,0,"[{""value"": ""1""}]","{""seen_before"": false}",69
170,8,Josh,0,"[{""value"": ""N""}]","{""seen_before"": false}",70
171,0,Dave,0,"[{""value"": ""N""}]","{""seen_before"": false}",71
172,1,Stuart,0,"[{""value"": ""2""}]","{""seen_before"": false}",72
173,2,Jerry,0,"[{""value"": ""1""}]","{""seen_before"": false}",73
174,3,Kevin,0,"[{""value"": ""1""}]","{""seen_before"": false}",74
175,4,Tim,0,"[{""value"": ""1""}]","{""seen_before"": false}",75
176,5,Mark,0,"[{""value"": ""1""}]","{""seen_before"": false}",76
177,6,Phil,0,"[{""value"": ""N""}]","{""seen_before"": false}",77
178,7,Carl,0,"[{""value"": ""2""}]","{""seen_before"": false}",78
179,8,Josh,0,"[{""value"": ""1""}]","{""seen_before"": false}",79
180,0,Dave,0,"[{""value"": ""N""}]","{""seen_before"": false}",80
181,1,Stuart,0,"[{""value"": ""2""}]","{""seen_before"": false}",81
182,2,Jerry,0,"[{""value"": ""N""}]","{""seen_before"": false}",82
183,3,Kevin,0,"[{""value"": ""2""}]","{""seen_before"": false}",83
184,4,Tim,0,"[{""value"": ""2""}]","{""seen_before"": false}",84
185,5,Mark,0,"[{""value"": ""1""}]","{""seen_before"": false}",85
186,6,Phil,0,"[{""value"": ""N""}]","{""seen_before"": false}",86
187,7,Carl,0,"[{""value"": ""N""}]","{""seen_before"": false}",87
188,8,Josh,0,"[{""value"": ""N""}]","{""seen_before"": false}",88
189,0,Dave,0,"[{""value"": ""2""}]","{""seen_before"": false}",89
190,1,Stuart,0,"[{""value"": ""N""}]","{""seen_before"": false}",90
191,2,Jerry,0,"[{""value"": ""1""}]","{""seen_before"": false}",91
192,3,Kevin,0,"[{""value"": ""1""}]","{""seen_before"": false}",92
193,4,Tim,0,"[{""value"": ""N""}]","{""seen_before"": false}",93
194,5,Mark,0,"[{""value"": ""2""}]","{""seen_before"": false}",94
195,6,Phil,0,"[{""value"": ""N""}]","{""seen_before"": false}",95
196,7,Carl,0,"[{""value"": ""2""}]","{""seen_before"": false}",96
197,8,Josh,0,"[{""value"": ""1""}]","{""seen_before"": false}",97
198,0,Dave,0,"[{""value"": ""1""}]","{""seen_before"": false}",98
199,1,Stuart,0,"[{""value"": ""2""}]","{""seen_before"": false}",99
200,2,Jerry,0,"[{""value"": ""N""}]","{""seen_before"": false}",0
201,3,Kevin,0,"[{""value"": ""2""}]","{""seen_before"": false}",1
202,4,Tim,0,"[{""value"": ""1""}]","{""seen_before"": false}",2
203,5,Mark,0,"[{""value"": ""N""}]","{""seen_before"": false}",3
204,6,Phil,0,"[{""value"": ""1""}]","{""seen_before"": false}",4
205,7,Carl,0,"[{""value"": ""N""}]","{""seen_before"": false}",5
206,8,Josh,0,"[{""value"": ""2""}]","{""seen_before"": false}",6
207,0,Dave,0,"[{""value"": ""N""}]","{""seen_before"": false}",7
208,1,Stuart,0,"[{""value"": ""2""}]","{""seen_before"": false}",8
209,2,Jerry,0,"[{""value"": ""1""}]","{""seen_before"": false}",9
210,3,Kevin,0,"[{""value"": ""N""}]","{""seen_before"": false}",10
211,4,Tim,0,"[{""value"": ""N""}]","{""seen_before"": false}",11
212,5,Mark,0,"[{""value"": ""N""}]","{""seen_before"": false}",12
213,6,Phil,0,"[{""value"": ""N""}]","{""seen_before"": false}",13
214,7,Carl,0,"[{""value"": ""2""}]","{""seen_before"": false}",14
215,8,Josh,0,"[{""value"": ""N""}]","{""seen_before"": false}",15
216,0,Dave,0,"[{""value"": ""2""}]","{""seen_before"": false}",16
217,1,Stuart,0,"[{""value"": ""N""}]","{""seen_before"": false}",17
218,2,Jerry,0,"[{""value"": ""2""}]","{""seen_before"": false}",18
219,3,Kevin,0,"[{""value"": ""1""}]","{""seen_before"": false}",19
220,4,Tim,0,"[{""value"": ""1""}]","{""seen_before"": false}",20
221,5,Mark,0,"[{""value"": ""N""}]","{""seen_before"": false}",21
222,6,Phil,0,"[{""value"": ""2""}]","{""seen_before"": false}",22
223,7,Carl,0,"[{""value"": ""2""}]","{""seen_before"": false}",23
224,8,Josh,0,"[{""value"": ""N""}]","{""seen_before"": false}",24
225,0,Dave,0,"[{""value"": ""2""}]","{""seen_before"": false}",25
226,1,Stuart,0,"[{""value"": ""N""}]","{""seen_before"": false}",26
227,2,Jerry,0,"[{""value"": ""N""}]","{""seen_before"": false}",27
228,3,Kevin,0,"[{""value"": ""N""}]","{""seen_before"": false}",28
229,4,Tim,0,"[{""value"": ""1""}]","{""seen_before"": false}",29
230,5,Mark,0,"[{""value"": ""2""}]","{""seen_before"": false}",30
231,6,Phil,0,"[{""value"": ""1""}]","{""seen_before"": false}",31
232,7,Carl,0,"[{""value"": ""2""}]","{""seen_before"": false}",32
233,8,Josh,0,"[{""value"": ""2""}]","{""seen_before"": false}",33
234,0,Dave,0,"[{""value"": ""1""}]","{""seen_before"": false}",34
235,1,Stuart,0,"[{""value"": ""2""}]","{""seen_before"": false}",35
236,2,Jerry,0,"[{""value"": ""1""}]","{""seen_before"": false}",36
237,3,Kevin,0,"[{""value"": ""1""}]","{""seen_before"": false}",37
238,4,Tim,0,"[{""value"": ""N""}]","{""seen_before"": false}",38
239,5,Mark,0,"[{""value"": ""2""}]","{""seen_before"": false}",39
240,6,Phil,0,"[{""value"": ""2""}]","{""seen_before"": false}",40
241,7,Carl,0,"[{""value"": ""N""}]","{""seen_before"": false}",41
242,8,Josh,0,"[{""value"": ""1""}]","{""seen_before"": false}",42
243,0,Dave,0,"[{""value"": ""1""}]","{""seen_before"": false}",43
244,1,Stuart,0,"[{""value"": ""2""}]","{""seen_before"": false}",44
245,2,Jerry,0,"[{""value"": ""N""}]","{""seen_before"": false}",45
246,3,Kevin,0,"[{""value"": ""N""}]","{""seen_before"": false}",46
247,4,Tim,0,"[{""value"": ""1""}]","{""seen_before"": false}",47
248,5,Mark,0,"[{""value"": ""1""}]","{""seen_before"": false}",48
249,6,Phil,0,"[{""value"": ""1""}]","{""seen_before"": false}",49
250,7,Carl,0,"[{""value"": ""N""}]","{""seen_before"": false}",50
251,8,Josh,0,"[{""value"": ""N""}]","{""seen_before"": false}",51
252,0,Dave,0,"[{""value"": ""1""}]","{""seen_before"": false}",52
253,1,Stuart,0,"[{""value"": ""1""}]","{""seen_before"": false}",53
254,2,Jerry,0,"[{""value"": ""2""}]","{""seen_before"": false}",54
255,3,Kevin,0,"[{""value"": ""N""}]","{""seen_before"": false}",55
256,4,Tim,0,"[{""value"": ""2""}]","{""seen_before"": false}",56
257,5,Mark,0,"[{""value"": ""1""}]","{""seen_before"": false}",57
258,6,Phil,0,"[{""value"": ""2""}]","{""seen_before"": false}",58
259,7,Carl,0,"[{""value"": ""1""}]","{""seen_before"": false}",59
260,8,Josh,0,"[{""value"": ""1""}]","{""seen_before"": false}",60
261,0,Dave,0,"[{""value"": ""1""}]","{""seen_before"": false}",61
262,1,Stuart,0,"[{""value"": ""1""}]","{""seen_before"": false}",62
263,2,Jerry,0,"[{""value"": ""1""}]","{""seen_before"": false}",63
264,3,Kevin,0,"[{""value"": ""2""}]","{""seen_before"": false}",64
265,4,Tim,0,"[{""value"": ""2""}]","{""seen_before"": false}",65
266,5,Mark,0,"[{""value"": ""1""}]","{""seen_before"": false}",66
267,6,Phil,0,"[{""value"": ""2""}]","{""seen_before"": false}",67
268,7,Carl,0,"[{""value"": ""2""}]","{""seen_before"": false}",68
269,8,Josh,0,"[{""value"": ""1""}]","{""seen_before"": false}",69
270,0,Dave,0,"[{""value"": ""1""}]","{""seen_before"": false}",70
271,1,Stuart,0,"[{""value"": ""N""}]","{""seen_before"": false}",71
272,2,Jerry,0,"[{""value"": ""1""}]","{""seen_before"": false}",72
273,3,Kevin,0,"[{""value"": ""1""}]","{""seen_before"": false}",73
274,4,Tim,0,"[{""value"": ""N""}]","{""seen_before"": false}",74
275,5,Mark,0,"[{""value"": ""1""}]","{""seen_before"": false}",75
276,6,Phil,0,"[{""value"": ""1""}]","{""seen_before"": false}",76
277,7,Carl,0,"[{""value"": ""N""}]","{""seen_before"": false}",77
278,8,Josh,0,"[{""value"": ""2""}]","{""seen_before"": false}",78
279,0,Dave,0,"[{""value"": ""N""}]","{""seen_before"": false}",79
280,1,Stuart,0,"[{""value"": ""N""}]","{""seen_before"": false}",80
281,2,Jerry,0,"[{""value"": ""2""}]","{""seen_before"": false}",81
282,3,Kevin,0,"[{""value"": ""1""}]","{""seen_before"": false}",82
283,4,Tim,0,"[{""value"": ""2""}]","{""seen_before"": false}",83
284,5,Mark,0,"[{""value"": ""2""}]","{""seen_before"": false}",84
285,6,Phil,0,"[{""value"": ""1""}]","{""seen_before"": false}",85
286,7,Carl,0,"[{""value"": ""2""}]","{""seen_before"": false}",86
287,8,Josh,0,"[{""value"": ""2""}]","{""seen_before"": false}",87
288,0,Dave,0,"[{""value"": ""N""}]","{""seen_before"": false}",88
289,1,Stuart,0,"[{""value"": ""2""}]","{""seen_before"": false}",89
290,2,Jerry,0,"[{""value"": ""2""}]","{""seen_before"": false}",90
291,3,Kevin,0,"[{""value"": ""2""}]","{""seen_before"": false}",91
292,4,Tim,0,"[{""value"": ""2""}]","{""seen_before"": false}",92
293,5,Mark,0,"[{""value"": ""2""}]","{""seen_before"": false}",93
294,6,Phil,0,"[{""value"": ""1""}]","{""seen_before"": false}",94
295,7,Carl,0,"[{""value"": ""1""}]","{""seen_before"": false}",95
296,8,Josh,0,"[{""value"": ""1""}]","{""seen_before"": false}",96
297,0,Dave,0,"[{""value"": ""2""}]","{""seen_before"": false}",97
298,1,Stuart,0,"[{""value"": ""1""}]","{""seen_before"": false}",98
299,2,Jerry,0,"[{""value"": ""1""}]","{""seen_before"": false}",99
300,3,Kevin,0,"[{""value"": ""2""}]","{""seen_before"": false}",0
301,4,Tim,0,"[{""value"": ""1""}]","{""seen_before"": false}",1
302,5,Mark,0,"[{""value"": ""1""}]","{""seen_before"": false}",2
303,6,Phil,0,"[{""value"": ""1""}]","{""seen_before"": false}",3
304,7,Carl,0,"[{""value"": ""2""}]","{""seen_before"": false}",4
305,8,Josh,0,"[{""value"": ""2""}]","{""seen_before"": false}",5
306,0,Dave,0,"[{""value"": ""1""}]","{""seen_before"": false}",6
307,1,Stuart,0,"[{""value"": ""N""}]","{""seen_before"": false}",7
308,2,Jerry,0,"[{""value"": ""2""}]","{""seen_before"": false}",8
309,3,Kevin,0,"[{""value"": ""1""}]","{""seen_before"": false}",9
310,4,Tim,0,"[{""value"": ""1""}]","{""seen_before"": false}",10
311,5,Mark,0,"[{""value"": ""1""}]","{""seen_before"": false}",11
312,6,Phil,0,"[{""value"": ""2""}]","{""seen_before"": false}",12
313,7,Carl,0,"[{""value"": ""N""}]","{""seen_before"": false}",13
314,8,Josh,0,"[{""value"": ""2""}]","{""seen_before"": false}",14
315,0,Dave,0,"[{""value"": ""1""}]","{""seen_before"": false}",15
316,1,Stuart,0,"[{""value"": ""2""}]","{""seen_before"": false}",16
317,2,Jerry,0,"[{""value"": ""1""}]","{""seen_before"": false}",17
318,3,Kevin,0,"[{""value"": ""1""}]","{""seen_before"": false}",18
319,4,Tim,0,"[{""value"": ""2""}]","{""seen_before"": false}",19
320,5,Mark,0,"[{""value"": ""2""}]","{""seen_before"": false}",20
321,6,Phil,0,"[{""value"": ""N""}]","{""seen_before"": false}",21
322,7,Carl,0,"[{""value"": ""N""}]","{""seen_before"": false}",22
323,8,Josh,0,"[{""value"": ""2""}]","{""seen_before"": false}",23
324,0,Dave,0,"[{""value"": ""2""}]","{""seen_before"": false}",24
325,1,Stuart,0,"[{""value"": ""2""}]","{""seen_before"": false}",25
326,2,Jerry,0,"[{""value"": ""2""}]","{""seen_before"": false}",26
327,3,Kevin,0,"[{""value"": ""N""}]","{""seen_before"": false}",27
328,4,Tim,0,"[{""value"": ""2""}]","{""seen_before"": false}",28
329,5,Mark,0,"[{""value"": ""2""}]","{""seen_before"": false}",29
330,6,Phil,0,"[{""value"": ""2""}]","{""seen_before"": false}",30
331,7,Carl,0,"[{""value"": ""1""}]","{""seen_before"": false}",31
332,8,Josh,0,"[{""value"": ""N""}]","{""seen_before"": false}",32
333,0,Dave,0,"[{""value"": ""2""}]","{""seen_before"": false}",33
334,1,Stuart,0,"[{""value"": ""1""}]","{""seen_before"": false}",34
335,2,Jerry,0,"[{""value"": ""2""}]","{""seen_before"": false}",35
336,3,Kevin,0,"[{""value"": ""2""}]","{""seen_before"": false}",36
337,4,Tim,0,"[{""value"": ""1""}]","{""seen_before"": false}",37
338,5,Mark,0,"[{""value"": ""2""}]","{""seen_before"": false}",38
339,6,Phil,0,"[{""value"": ""N""}]","{""seen_before"": false}",39
340,7,Carl,0,"[{""value"": ""2""}]","{""seen_before"": false}",40
341,8,Josh,0,"[{""value"": ""N""}]","{""seen_before"": false}",41
342,0,Dave,0,"[{""value"": ""N""}]","{""seen_before"": false}",42
343,1,Stuart,0,"[{""value"": ""1""}]","{""seen_before"": false}",43
344,2,Jerry,0,"[{""value"": ""N""}]","{""seen_before"": false}",44
345,3,Kevin,0,"[{""value"": ""2""}]","{""seen_before"": false}",45
346,4,Tim,0,"[{""value"": ""N""}]","{""seen_before"": false}",46
347,5,Mark,0,"[{""value"": ""1""}]","{""seen_before"": false}",47
348,6,Phil,0,"[{""value"": ""1""}]","{""seen_before"": false}",48
349,7,Carl,0,"[{""value"": ""N""}]","{""seen_before"": false}",49
350,8,Josh,0,"[{""value"": ""1""}]","{""seen_before"": false}",50
351,0,Dave,0,"[{""value"": ""1""}]","{""seen_before"": false}",51
352,1,Stuart,0,"[{""value"": ""1""}]","{""seen_before"": false}",52
353,2,Jerry,0,"[{""value"": ""2""}]","{""seen_before"": false}",53
354,3,Kevin,0,"[{""value"": ""N""}]","{""seen_before"": false}",54
355,4,Tim,0,"[{""value"": ""2""}]","{""seen_before"": false}",55
356,5,Mark,0,"[{""value"": ""N""}]","{""seen_before"": false}",56
357,6,Phil,0,"[{""value"": ""1""}]","{""seen_before"": false}",57
358,7,Carl,0,"[{""value"": ""2""}]","{""seen_before"": false}",58
359,8,Josh,0,"[{""value"": ""1""}]","{""seen_before"": false}",59
360,0,Dave,0,"[{""value"": ""N""}]","{""seen_before"": false}",60
361,1,Stuart,0,"[{""value"": ""1""}]","{""seen_before"": false}",61
362,2,Jerry,0,"[{""value"": ""1""}]","{""seen_before"": false}",62
363,3,Kevin,0,"[{""value"": ""2""}]","{""seen_before"": false}",63
364,4,Tim,0,"[{""value"": ""1""}]","{""seen_before"": false}",64
365,5,Mark,0,"[{""value"": ""2""}]","{""seen_before"": false}",65
366,6,Phil,0,"[{""value"": ""1""}]","{""seen_before"": false}",66
367,7,Carl,0,"[{""value"": ""2""}]","{""seen_before"": false}",67
368,8,Josh,0,"[{""value"": ""2""}]","{""seen_before"": false}",68
369,0,Dave,0,"[{""value"": ""2""}]","{""seen_before"": false}",69
370,1,Stuart,0,"[{""value"": ""1""}]","{""seen_before"": false}",70
371,2,Jerry,0,"[{""value"": ""N""}]","{""seen_before"": false}",71
372,3,Kevin,0,"[{""value"": ""2""}]","{""seen_before"": false}",72
373,4,Tim,0,"[{""value"": ""2""}]","{""seen_before"": false}",73
374,5,Mark,0,"[{""value"": ""2""}]","{""seen_before"": false}",74
375,6,Phil,0,"[{""value"": ""1""}]","{""seen_before"": false}",75
376,7,Carl,0,"[{""value"": ""2""}]","{""seen_before"": false}",76
377,8,Josh,0,"[{""value"": ""2""}]","{""seen_before"": false}",77
378,0,Dave,0,"[{""value"": ""1""}]","{""seen_before"": false}",78
379,1,Stuart,0,"[{""value"": ""N""}]","{""seen_before"": false}",79
380,2,Jerry,0,"[{""value"": ""2""}]","{""seen_before"": false}",80
381,3,Kevin,0,"[{""value"": ""1""}]","{""seen_before"": false}",81
382,4,Tim,0,"[{""value"": ""N""}]","{""seen_before"": false}",82
383,5,Mark,0,"[{""value"": ""1""}]","{""seen_before"": false}",83
384,6,Phil,0,"[{""value"": ""1""}]","{""seen_before"": false}",84
385,7,Carl,0,"[{""value"": ""2""}]","{""seen_before"": false}",85
386,8,Josh,0,"[{""value"": ""1""}]","{""seen_before"": false}",86
387,0,Dave,0,"[{""value"": ""1""}]","{""seen_before"": false}",87
388,1,Stuart,0,"[{""value"": ""N""}]","{""seen_before"": false}",88
389,2,Jerry,0,"[{""value"": ""2""}]","{""seen_before"": false}",89
390,3,Kevin,0,"[{""value"": ""N""}]","{""seen_before"": false}",90
391,4,Tim,0,"[{""value"": ""2""}]","{""seen_before"": false}",91
392,5,Mark,0,"[{""value"": ""1""}]","{""seen_before"": false}",92
393,6,Phil,0,"[{""value"": ""1""}]","{""seen_before"": false}",93
394,7,Carl,0,"[{""value"": ""2""}]","{""seen_before"": false}",94
395,8,Josh,0,"[{""value"": ""N""}]","{""seen_before"": false}",95
396,0,Dave,0,"[{""value"": ""N""}]","{""seen_before"": false}",96
397,1,Stuart,0,"[{""value"": ""2""}]","{""seen_before"": false}",97
398,2,Jerry,0,"[{""value"": ""1""}]","{""seen_before"": false}",98
399,3,Kevin,0,"[{""value"": ""1""}]","{""seen_before"": false}",99
400,4,Tim,0,"[{""value"": ""N""}]","{""seen_before"": false}",0
401,5,Mark,0,"[{""value"": ""1""}]","{""seen_before"": false}",1
402,6,Phil,0,"[{""value"": ""N""}]","{""seen_before"": false}",2
403,7,Carl,0,"[{""value"": ""2""}]","{""seen_before"": false}",3
404,8,Josh,0,"[{""value"": ""1""}]","{""seen_before"": false}",4
405,0,Dave,0,"[{""value"": ""2""}]","{""seen_before"": false}",5
406,1,Stuart,0,"[{""value"": ""1""}]","{""seen_before"": false}",6
407,2,Jerry,0,"[{""value"": ""N""}]","{""seen_before"": false}",7
408,3,Kevin,0,"[{""value"": ""N""}]","{""seen_before"": false}",8
409,4,Tim,0,"[{""value"": ""N""}]","{""seen_before"": false}",9
410,5,Mark,0,"[{""value"": ""2""}]","{""seen_before"": false}",10
411,6,Phil,0,"[{""value"": ""1""}]","{""seen_before"": false}",11
412,7,Carl,0,"[{""value"": ""1""}]","{""seen_before"": false}",12
413,8,Josh,0,"[{""value"": ""N""}]","{""seen_before"": false}",13
414,0,Dave,0,"[{""value"": ""N""}]","{""seen_before"": false}",14
415,1,Stuart,0,"[{""value"": ""1""}]","{""seen_before"": false}",15
416,2,Jerry,0,"[{""value"": ""2""}]","{""seen_before"": false}",16
417,3,Kevin,0,"[{""value"": ""N""}]","{""seen_before"": false}",17
418,4,Tim,0,"[{""value"": ""1""}]","{""seen_before"": false}",18
419,5,Mark,0,"[{""value"": ""N""}]","{""seen_before"": false}",19
420,6,Phil,0,"[{""value"": ""1""}]","{""seen_before"": false}",20
421,7,Carl,0,"[{""value"": ""1""}]","{""seen_before"": false}",21
422,8,Josh,0,"[{""value"": ""N""}]","{""seen_before"": false}",22
423,0,Dave,0,"[{""value"": ""N""}]","{""seen_before"": false}",23
424,1,Stuart,0,"[{""value"": ""2""}]","{""seen_before"": false}",24
425,2,Jerry,0,"[{""value"": ""1""}]","{""seen_before"": false}",25
426,3,Kevin,0,"[{""value"": ""N""}]","{""seen_before"": false}",26
427,4,Tim,0,"[{""value"": ""1""}]","{""seen_before"": false}",27
428,5,Mark,0,"[{""value"": ""N""}]","{""seen_before"": false}",28
429,6,Phil,0,"[{""value"": ""2""}]","{""seen_before"": false}",29
430,7,Carl,0,"[{""value"": ""1""}]","{""seen_before"": false}",30
431,8,Josh,0,"[{""value"": ""2""}]","{""seen_before"": false}",31
432,0,Dave,0,"[{""value"": ""2""}]","{""seen_before"": false}",32
433,1,Stuart,0,"[{""value"": ""2""}]","{""seen_before"": false}",33
434,2,Jerry,0,"[{""value"": ""N""}]","{""seen_before"": false}",34
435,3,Kevin,0,"[{""value"": ""N""}]","{""seen_before"": false}",35
436,4,Tim,0,"[{""value"": ""N""}]","{""seen_before"": false}",36
437,5,Mark,0,"[{""value"": ""N""}]","{""seen_before"": false}",37
438,6,Phil,0,"[{""value"": ""1""}]","{""seen_before"": false}",38
439,7,Carl,0,"[{""value"": ""2""}]","{""seen_before"": false}",39
440,8,Josh,0,"[{""value"": ""N""}]","{""seen_before"": false}",40
441,0,Dave,0,"[{""value"": ""2""}]","{""seen_before"": false}",41
442,1,Stuart,0,"[{""value"": ""N""}]","{""seen_before"": false}",42
443,2,Jerry,0,"[{""value"": ""2""}]","{""seen_before"": false}",43
444,3,Kevin,0,"[{""value"": ""2""}]","{""seen_before"": false}",44
445,4,Tim,0,"[{""value"": ""N""}]","{""seen_before"": false}",45
446,5,Mark,0,"[{""value"": ""N""}]","{""seen_before"": false}",46
447,6,Phil,0,"[{""value"": ""1""}]","{""seen_before"": false}",47
448,7,Carl,0,"[{""value"": ""N""}]","{""seen_before"": false}",48
449,8,Josh,0,"[{""value"": ""N""}]","{""seen_before"": false}",49
450,0,Dave,0,"[{""value"": ""2""}]","{""seen_before"": false}",50
451,1,Stuart,0,"[{""value"": ""1""}]","{""seen_before"": false}",51
452,2,Jerry,0,"[{""value"": ""1""}]","{""seen_before"": false}",52
453,3,Kevin,0,"[{""value"": ""1""}]","{""seen_before"": false}",53
454,4,Tim,0,"[{""value"": ""N""}]","{""seen_before"": false}",54
455,5,Mark,0,"[{""value"": ""N""}]","{""seen_before"": false}",55
456,6,Phil,0,"[{""value"": ""N""}]","{""seen_before"": false}",56
457,7,Carl,0,"[{""value"": ""1""}]","{""seen_before"": false}",57
458,8,Josh,0,"[{""value"": ""1""}]","{""seen_before"": false}",58
459,0,Dave,0,"[{""value"": ""2""}]","{""seen_before"": false}",59
460,1,Stuart,0,"[{""value"": ""N""}]","{""seen_before"": false}",60
461,2,Jerry,0,"[{""value"": ""N""}]","{""seen_before"": false}",61
462,3,Kevin,0,"[{""value"": ""2""}]","{""seen_before"": false}",62
463,4,Tim,0,"[{""value"": ""2""}]","{""seen_before"": false}",63
464,5,Mark,0,"[{""value"": ""2""}]","{""seen_before"": false}",64
465,6,Phil,0,"[{""value"": ""2""}]","{""seen_before"": false}",65
466,7,Carl,0,"[{""value"": ""2""}]","{""seen_before"": false}",66
467,8,Josh,0,"[{""value"": ""N""}]","{""seen_before"": false}",67
468,0,Dave,0,"[{""value"": ""1""}]","{""seen_before"": false}",68
469,1,Stuart,0,"[{""value"": ""2""}]","{""seen_before"": false}",69
470,2,Jerry,0,"[{""value"": ""2""}]","{""seen_before"": false}",70
471,3,Kevin,0,"[{""value"": ""2""}]","{""seen_before"": false}",71
472,4,Tim,0,"[{""value"": ""1""}]","{""seen_before"": false}",72
473,5,Mark,0,"[{""value"": ""1""}]","{""seen_before"": false}",73
474,6,Phil,0,"[{""value"": ""2""}]","{""seen_before"": false}",74
475,7,Carl,0,"[{""value"": ""1""}]","{""seen_before"": false}",75
476,8,Josh,0,"[{""value"": ""1""}]","{""seen_before"": false}",76
477,0,Dave,0,"[{""value"": ""2""}]","{""seen_before"": false}",77
478,1,Stuart,0,"[{""value"": ""1""}]","{""seen_before"": false}",78
479,2,Jerry,0,"[{""value"": ""1""}]","{""seen_before"": false}",79
480,3,Kevin,0,"[{""value"": ""1""}]","{""seen_before"": false}",80
481,4,Tim,0,"[{""value"": ""1""}]","{""seen_before"": false}",81
482,5,Mark,0,"[{""value"": ""1""}]","{""seen_before"": false}",82
483,6,Phil,0,"[{""value"": ""1""}]","{""seen_before"": false}",83
484,7,Carl,0,"[{""value"": ""2""}]","{""seen_before"": false}",84
485,8,Josh,0,"[{""value"": ""2""}]","{""seen_before"": false}",85
486,0,Dave,0,"[{""value"": ""2""}]","{""seen_before"": false}",86
487,1,Stuart,0,"[{""value"": ""1""}]","{""seen_before"": false}",87
488,2,Jerry,0,"[{""value"": ""N""}]","{""seen_before"": false}",88
489,3,Kevin,0,"[{""value"": ""2""}]","{""seen_before"": false}",89
490,4,Tim,0,"[{""value"": ""N""}]","{""seen_before"": false}",90
491,5,Mark,0,"[{""value"": ""1""}]","{""seen_before"": false}",91
492,6,Phil,0,"[{""value"": ""N""}]","{""seen_before"": false}",92
493,7,Carl,0,"[{""value"": ""2""}]","{""seen_before"": false}",93
494,8,Josh,0,"[{""value"": ""N""}]","{""seen_before"": false}",94
495,0,Dave,0,"[{""value"": ""2""}]","{""seen_before"": false}",95
496,1,Stuart,0,"[{""value"": ""N""}]","{""seen_before"": false}",96
497,2,Jerry,0,"[{""value"": ""2""}]","{""seen_before"": false}",97
498,3,Kevin,0,"[{""value"": ""N""}]","{""seen_before"": false}",98
499,4,Tim,0,"[{""value"": ""1""}]","{""seen_before"": false}",99
500,5,Mark,0,"[{""value"": ""N""}]","{""seen_before"": false}",0
501,6,Phil,0,"[{""value"": ""N""}]","{""seen_before"": false}",1
502,7,Carl,0,"[{""value"": ""1""}]","{""seen_before"": false}",2
503,8,Josh,0,"[{""value"": ""N""}]","{""seen_before"": false}",3
504,0,Dave,0,"[{""value"": ""N""}]","{""seen_before"": false}",4
505,1,Stuart,0,"[{""value"": ""2""}]","{""seen_before"": false}",5
506,2,Jerry,0,"[{""value"": ""1""}]","{""seen_before"": false}",6
507,3,Kevin,0,"[{""value"": ""N""}]","{""seen_before"": false}",7
508,4,Tim,0,"[{""value"": ""N""}]","{""seen_before"": false}",8
509,5,Mark,0,"[{""value"": ""N""}]","{""seen_before"": false}",9
510,6,Phil,0,"[{""value"": ""N""}]","{""seen_before"": false}",10
511,7,Carl,0,"[{""value"": ""2""}]","{""seen_before"": false}",11
512,8,Josh,0,"[{""value"": ""1""}]","{""seen_before"": false}",12
513,0,Dave,0,"[{""value"": ""1""}]","{""seen_before"": false}",13
514,1,Stuart,0,"[{""value"": ""N""}]","{""seen_before"": false}",14
515,2,Jerry,0,"[{""value"": ""1""}]","{""seen_before"": false}",15
516,3,Kevin,0,"[{""value"": ""2""}]","{""seen_before"": false}",16
517,4,Tim,0,"[{""value"": ""2""}]","{""seen_before"": false}",17
518,5,Mark,0,"[{""value"": ""1""}]","{""seen_before"": false}",18
519,6,Phil,0,"[{""value"": ""2""}]","{""seen_before"": false}",19
520,7,Carl,0,"[{""value"": ""N""}]","{""seen_before"": false}",20
521,8,Josh,0,"[{""value"": ""1""}]","{""seen_before"": false}",21
522,0,Dave,0,"[{""value"": ""2""}]","{""seen_before"": false}",22
523,1,Stuart,0,"[{""value"": ""N""}]","{""seen_before"": false}",23
524,2,Jerry,0,"[{""value"": ""1""}]","{""seen_before"": false}",24
525,3,Kevin,0,"[{""value"": ""1""}]","{""seen_before"": false}",25
526,4,Tim,0,"[{""value"": ""N""}]","{""seen_before"": false}",26
527,5,Mark,0,"[{""value"": ""2""}]","{""seen_before"": false}",27
528,6,Phil,0,"[{""value"": ""2""}]","{""seen_before"": false}",28
529,7,Carl,0,"[{""value"": ""1""}]","{""seen_before"": false}",29
530,8,Josh,0,"[{""value"": ""1""}]","{""seen_before"": false}",30
531,0,Dave,0,"[{""value"": ""N""}]","{""seen_before"": false}",31
532,1,Stuart,0,"[{""value"": ""2""}]","{""seen_before"": false}",32
533,2,Jerry,0,"[{""value"": ""2""}]","{""seen_before"": false}",33
534,3,Kevin,0,"[{""value"": ""2""}]","{""seen_before"": false}",34
535,4,Tim,0,"[{""value"": ""N""}]","{""seen_before"": false}",35
536,5,Mark,0,"[{""value"": ""2""}]","{""seen_before"": false}",36
537,6,Phil,0,"[{""value"": ""N""}]","{""seen_before"": false}",37
538,7,Carl,0,"[{""value"": ""1""}]","{""seen_before"": false}",38
539,8,Josh,0,"[{""value"": ""N""}]","{""seen_before"": false}",39
540,0,Dave,0,"[{""value"": ""1""}]","{""seen_before"": false}",40
541,1,Stuart,0,"[{""value"": ""2""}]","{""seen_before"": false}",41
542,2,Jerry,0,"[{""value"": ""2""}]","{""seen_before"": false}",42
543,3,Kevin,0,"[{""value"": ""2""}]","{""seen_before"": false}",43
544,4,Tim,0,"[{""value"": ""2""}]","{""seen_before"": false}",44
545,5,Mark,0,"[{""value"": ""N""}]","{""seen_before"": false}",45
546,6,Phil,0,"[{""value"": ""N""}]","{""seen_before"": false}",46
547,7,Carl,0,"[{""value"": ""1""}]","{""seen_before"": false}",47
548,8,Josh,0,"[{""value"": ""N""}]","{""seen_before"": false}",48
549,0,Dave,0,"[{""value"": ""1""}]","{""seen_before"": false}",49
550,1,Stuart,0,"[{""value"": ""2""}]","{""seen_before"": false}",50
551,2,Jerry,0,"[{""value"": ""1""}]","{""seen_before"": false}",51
552,3,Kevin,0,"[{""value"": ""2""}]","{""seen_before"": false}",52
553,4,Tim,0,"[{""value"": ""1""}]","{""seen_before"": false}",53
554,5,Mark,0,"[{""value"": ""N""}]","{""seen_before"": false}",54
555,6,Phil,0,"[{""value"": ""1""}]","{""seen_before"": false}",55
556,7,Carl,0,"[{""value"": ""1""}]","{""seen_before"": false}",56
557,8,Josh,0,"[{""value"": ""1""}]","{""seen_before"": false}",57
558,0,Dave,0,"[{""value"": ""N""}]","{""seen_before"": false}",58
559,1,Stuart,0,"[{""value"": ""2""}]","{""seen_before"": false}",59
560,2,Jerry,0,"[{""value"": ""N""}]","{""seen_before"": false}",60
561,3,Kevin,0,"[{""value"": ""N""}]","{""seen_before"": false}",61
562,4,Tim,0,"[{""value"": ""2""}]","{""seen_before"": false}",62
563,5,Mark,0,"[{""value"": ""2""}]","{""seen_before"": false}",63
564,6,Phil,0,"[{""value"": ""1""}]","{""seen_before"": false}",64
565,7,Carl,0,"[{""value"": ""2""}]","{""seen_before"": false}",65
566,8,Josh,0,"[{""value"": ""1""}]","{""seen_before"": false}",66
567,0,Dave,0,"[{""value"": ""1""}]","{""seen_before"": false}",67
568,1,Stuart,0,"[{""value"": ""1""}]","{""seen_before"": false}",68
569,2,Jerry,0,"[{""value"": ""N""}]","{""seen_before"": false}",69
570,3,Kevin,0,"[{""value"": ""N""}]","{""seen_before"": false}",70
571,4,Tim,0,"[{""value"": ""2""}]","{""seen_before"": false}",71
572,5,Mark,0,"[{""value"": ""N""}]","{""seen_before"": false}",72
573,6,Phil,0,"[{""value"": ""1""}]","{""seen_before"": false}",73
574,7,Carl,0,"[{""value"": ""1""}]","{""seen_before"": false}",74
575,8,Josh,0,"[{""value"": ""2""}]","{""seen_before"": false}",75
576,0,Dave,0,"[{""value"": ""N""}]","{""seen_before"": false}",76
577,1,Stuart,0,"[{""value"": ""2""}]","{""seen_before"": false}",77
578,2,Jerry,0,"[{""value"": ""2""}]","{""seen_before"": false}",78
579,3,Kevin,0,"[{""value"": ""N""}]","{""seen_before"": false}",79
580,4,Tim,0,"[{""value"": ""2""}]","{""seen_before"": false}",80
581,5,Mark,0,"[{""value"": ""1""}]","{""seen_before"": false}",81
582,6,Phil,0,"[{""value"": ""1""}]","{""seen_before"": false}",82
583,7,Carl,0,"[{""value"": ""2""}]","{""seen_before"": false}",83
584,8,Josh,0,"[{""value"": ""1""}]","{""seen_before"": false}",84
585,0,Dave,0,"[{""value"": ""N""}]","{""seen_before"": false}",85
586,1,Stuart,0,"[{""value"": ""2""}]","{""seen_before"": false}",86
587,2,Jerry,0,"[{""value"": ""1""}]","{""seen_before"": false}",87
588,3,Kevin,0,"[{""value"": ""1""}]","{""seen_before"": false}",88
589,4,Tim,0,"[{""value"": ""1""}]","{""seen_before"": false}",89
590,5,Mark,0,"[{""value"": ""1""}]","{""seen_before"": false}",90
591,6,Phil,0,"[{""value"": ""N""}]","{""seen_before"": false}",91
592,7,Carl,0,"[{""value"": ""2""}]","{""seen_before"": false}",92
593,8,Josh,0,"[{""value"": ""1""}]","{""seen_before"": false}",93
594,0,Dave,0,"[{""value"": ""1""}]","{""seen_before"": false}",94
595,1,Stuart,0,"[{""value"": ""2""}]","{""seen_before"": false}",95
596,2,Jerry,0,"[{""value"": ""1""}]","{""seen_before"": false}",96
597,3,Kevin,0,"[{""value"": ""1""}]","{""seen_before"": false}",97
598,4,Tim,0,"[{""value"": ""2""}]","{""seen_before"": false}",98
599,5,Mark,0,"[{""value"": ""N""}]","{""seen_before"": false}",99
600,6,Phil,0,"[{""value"": ""N""}]","{""seen_before"": false}",0
601,7,Carl,0,"[{""value"": ""2""}]","{""seen_before"": false}",1
602,8,Josh,0,"[{""value"": ""1""}]","{""seen_before"": false}",2
603,0,Dave,0,"[{""value"": ""N""}]","{""seen_before"": false}",3
604,1,Stuart,0,"[{""value"": ""N""}]","{""seen_before"": false}",4
605,2,Jerry,0,"[{""value"": ""2""}]","{""seen_before"": false}",5
606,3,Kevin,0,"[{""value"": ""2""}]","{""seen_before"": false}",6
607,4,Tim,0,"[{""value"": ""1""}]","{""seen_before"": false}",7
608,5,Mark,0,"[{""value"": ""1""}]","{""seen_before"": false}",8
609,6,Phil,0,"[{""value"": ""2""}]","{""seen_before"": false}",9
610,7,Carl,0,"[{""value"": ""N""}]","{""seen_before"": false}",10
611,8,Josh,0,"[{""value"": ""N""}]","{""seen_before"": false}",11
612,0,Dave,0,"[{""value"": ""2""}]","{""seen_before"": false}",12
613,1,Stuart,0,"[{""value"": ""1""}]","{""seen_before"": false}",13
614,2,Jerry,0,"[{""value"": ""2""}]","{""seen_before"": false}",14
615,3,Kevin,0,"[{""value"": ""N""}]","{""seen_before"": false}",15
616,4,Tim,0,"[{""value"": ""N""}]","{""seen_before"": false}",16
617,5,Mark,0,"[{""value"": ""1""}]","{""seen_before"": false}",17
618,6,Phil,0,"[{""value"": ""N""}]","{""seen_before"": false}",18
619,7,Carl,0,"[{""value"": ""N""}]","{""seen_before"": false}",19
620,8,Josh,0,"[{""value"": ""1""}]","{""seen_before"": false}",20
621,0,Dave,0,"[{""value"": ""2""}]","{""seen_before"": false}",21
622,1,Stuart,0,"[{""value"": ""2""}]","{""seen_before"": false}",22
623,2,Jerry,0,"[{""value"": ""N""}]","{""seen_before"": false}",23
624,3,Kevin,0,"[{""value"": ""N""}]","{""seen_before"": false}",24
625,4,Tim,0,"[{""value"": ""1""}]","{""seen_before"": false}",25
626,5,Mark,0,"[{""value"": ""2""}]","{""seen_before"": false}",26
627,6,Phil,0,"[{""value"": ""2""}]","{""seen_before"": false}",27
628,7,Carl,0,"[{""value"": ""2""}]","{""seen_before"": false}",28
629,8,Josh,0,"[{""value"": ""N""}]","{""seen_before"": false}",29
630,0,Dave,0,"[{""value"": ""N""}]","{""seen_before"": false}",30
631,1,Stuart,0,"[{""value"": ""N""}]","{""seen_before"": false}",31
632,2,Jerry,0,"[{""value"": ""N""}]","{""seen_before"": false}",32
633,3,Kevin,0,"[{""value"": ""N""}]","{""seen_before"": false}",33
634,4,Tim,0,"[{""value"": ""2""}]","{""seen_before"": false}",34
635,5,Mark,0,"[{""value"": ""1""}]","{""seen_before"": false}",35
636,6,Phil,0,"[{""value"": ""N""}]","{""seen_before"": false}",36
637,7,Carl,0,"[{""value"": ""2""}]","{""seen_before"": false}",37
638,8,Josh,0,"[{""value"": ""1""}]","{""seen_before"": false}",38
639,0,Dave,0,"[{""value"": ""1""}]","{""seen_before"": false}",39
640,1,Stuart,0,"[{""value"": ""1""}]","{""seen_before"": false}",40
641,2,Jerry,0,"[{""value"": ""2""}]","{""seen_before"": false}",41
642,3,Kevin,0,"[{""value"": ""2""}]","{""seen_before"": false}",42
643,4,Tim,0,"[{""value"": ""1""}]","{""seen_before"": false}",43
644,5,Mark,0,"[{""value"": ""N""}]","{""seen_before"": false}",44
645,6,Phil,0,"[{""value"": ""N""}]","{""seen_before"": false}",45
646,7,Carl,0,"[{""value"": ""N""}]","{""seen_before"": false}",46
647,8,Josh,0,"[{""value"": ""2""}]","{""seen_before"": false}",47
648,0,Dave,0,"[{""value"": ""2""}]","{""seen_before"": false}",48
649,1,Stuart,0,"[{""value"": ""1""}]","{""seen_before"": false}",49
650,2,Jerry,0,"[{""value"": ""N""}]","{""seen_before"": false}",50
651,3,Kevin,0,"[{""value"": ""2""}]","{""seen_before"": false}",51
652,4,Tim,0,"[{""value"": ""1""}]","{""seen_before"": false}",52
653,5,Mark,0,"[{""value"": ""2""}]","{""seen_before"": false}",53
654,6,Phil,0,"[{""value"": ""1""}]","{""seen_before"": false}",54
655,7,Carl,0,"[{""value"": ""N""}]","{""seen_before"": false}",55
656,8,Josh,0,"[{""value"": ""1""}]","{""seen_before"": false}",56
657,0,Dave,0,"[{""value"": ""N""}]","{""seen_before"": false}",57
658,1,Stuart,0,"[{""value"": ""N""}]","{""seen_before"": false}",58
659,2,Jerry,0,"[{""value"": ""1""}]","{""seen_before"": false}",59
660,3,Kevin,0,"[{""value"": ""1""}]","{""seen_before"": false}",60
661,4,Tim,0,"[{""value"": ""2""}]","{""seen_before"": false}",61
662,5,Mark,0,"[{""value"": ""N""}]","{""seen_before"": false}",62
663,6,Phil,0,"[{""value"": ""1""}]","{""seen_before"": false}",63
664,7,Carl,0,"[{""value"": ""1""}]","{""seen_before"": false}",64
665,8,Josh,0,"[{""value"": ""1""}]","{""seen_before"": false}",65
666,0,Dave,0,"[{""value"": ""N""}]","{""seen_before"": false}",66
667,1,Stuart,0,"[{""value"": ""1""}]","{""seen_before"": false}",67
668,2,Jerry,0,"[{""value"": ""2""}]","{""seen_before"": false}",68
669,3,Kevin,0,"[{""value"": ""2""}]","{""seen_before"": false}",69
670,4,Tim,0,"[{""value"": ""1""}]","{""seen_before"": false}",70
671,5,Mark,0,"[{""value"": ""2""}]","{""seen_before"": false}",71
672,6,Phil,0,"[{""value"": ""2""}]","{""seen_before"": false}",72
673,7,Carl,0,"[{""value"": ""N""}]","{""seen_before"": false}",73
674,8,Josh,0,"[{""value"": ""1""}]","{""seen_before"": false}",74
675,0,Dave,0,"[{""value"": ""N""}]","{""seen_before"": false}",75
676,1,Stuart,0,"[{""value"": ""N""}]","{""seen_before"": false}",76
677,2,Jerry,0,"[{""value"": ""N""}]","{""seen_before"": false}",77
678,3,Kevin,0,"[{""value"": ""2""}]","{""seen_before"": false}",78
679,4,Tim,0,"[{""value"": ""1""}]","{""seen_before"": false}",79
680,5,Mark,0,"[{""value"": ""2""}]","{""seen_before"": false}",80
681,6,Phil,0,"[{""value"": ""1""}]","{""seen_before"": false}",81
682,7,Carl,0,"[{""value"": ""1""}]","{""seen_before"": false}",82
683,8,Josh,0,"[{""value"": ""2""}]","{""seen_before"": false}",83
684,0,Dave,0,"[{""value"": ""N""}]","{""seen_before"": false}",84
685,1,Stuart,0,"[{""value"": ""N""}]","{""seen_before"": false}",85
686,2,Jerry,0,"[{""value"": ""2""}]","{""seen_before"": false}",86
687,3,Kevin,0,"[{""value"": ""N""}]","{""seen_before"": false}",87
688,4,Tim,0,"[{""value"": ""2""}]","{""seen_before"": false}",88
689,5,Mark,0,"[{""value"": ""1""}]","{""seen_before"": false}",89
690,6,Phil,0,"[{""value"": ""1""}]","{""seen_before"": false}",90
691,7,Carl,0,"[{""value"": ""2""}]","{""seen_before"": false}",91
692,8,Josh,0,"[{""value"": ""N""}]","{""seen_before"": false}",92
693,0,Dave,0,"[{""value"": ""N""}]","{""seen_before"": false}",93
694,1,Stuart,0,"[{""value"": ""1""}]","{""seen_before"": false}",94
695,2,Jerry,0,"[{""value"": ""2""}]","{""seen_before"": false}",95
696,3,Kevin,0,"[{""value"": ""2""}]","{""seen_before"": false}",96
697,4,Tim,0,"[{""value"": ""1""}]","{""seen_before"": false}",97
698,5,Mark,0,"[{""value"": ""1""}]","{""seen_before"": false}",98
699,6,Phil,0,"[{""value"": ""1""}]","{""seen_before"": false}",99
700,7,Carl,0,"[{""value"": ""N""}]","{""seen_before"": false}",0
701,8,Josh,0,"[{""value"": ""1""}]","{""seen_before"": false}",1
702,0,Dave,0,"[{""value"": ""N""}]","{""seen_before"": false}",2
703,1,Stuart,0,"[{""value"": ""N""}]","{""seen_before"": false}",3
704,2,Jerry,0,"[{""value"": ""N""}]","{""seen_before"": false}",4
705,3,Kevin,0,"[{""value"": ""2""}]","{""seen_before"": false}",5
706,4,Tim,0,"[{""value"": ""N""}]","{""seen_before"": false}",6
707,5,Mark,0,"[{""value"": ""2""}]","{""seen_before"": false}",7
708,6,Phil,0,"[{""value"": ""1""}]","{""seen_before"": false}",8
709,7,Carl,0,"[{""value"": ""1""}]","{""seen_before"": false}",9
710,8,Josh,0,"[{""value"": ""N""}]","{""seen_before"": false}",10
711,0,Dave,0,"[{""value"": ""2""}]","{""seen_before"": false}",11
712,1,Stuart,0,"[{""value"": ""2""}]","{""seen_before"": false}",12
713,2,Jerry,0,"[{""value"": ""1""}]","{""seen_before"": false}",13
714,3,Kevin,0,"[{""value"": ""1""}]","{""seen_before"": false}",14
715,4,Tim,0,"[{""value"": ""2""}]","{""seen_before"": false}",15
716,5,Mark,0,"[{""value"": ""N""}]","{""seen_before"": false}",16
717,6,Phil,0,"[{""value"": ""2""}]","{""seen_before"": false}",17
718,7,Carl,0,"[{""value"": ""N""}]","{""seen_before"": false}",18
719,8,Josh,0,"[{""value"": ""N""}]","{""seen_before"": false}",19
720,0,Dave,0,"[{""value"": ""2""}]","{""seen_before"": false}",20
721,1,Stuart,0,"[{""value"": ""2""}]","{""seen_before"": false}",21
722,2,Jerry,0,"[{""value"": ""N""}]","{""seen_before"": false}",22
723,3,Kevin,0,"[{""value"": ""2""}]","{""seen_before"": false}",23
724,4,Tim,0,"[{""value"": ""1""}]","{""seen_before"": false}",24
725,5,Mark,0,"[{""value"": ""1""}]","{""seen_before"": false}",25
726,6,Phil,0,"[{""value"": ""2""}]","{""seen_before"": false}",26
727,7,Carl,0,"[{""value"": ""1""}]","{""seen_before"": false}",27
728,8,Josh,0,"[{""value"": ""N""}]","{""seen_before"": false}",28
729,0,Dave,0,"[{""value"": ""1""}]","{""seen_before"": false}",29
730,1,Stuart,0,"[{""value"": ""N""}]","{""seen_before"": false}",30
731,2,Jerry,0,"[{""value"": ""N""}]","{""seen_before"": false}",31
732,3,Kevin,0,"[{""value"": ""N""}]","{""seen_before"": false}",32
733,4,Tim,0,"[{""value"": ""2""}]","{""seen_before"": false}",33
734,5,Mark,0,"[{""value"": ""2""}]","{""seen_before"": false}",34
735,6,Phil,0,"[{""value"": ""N""}]","{""seen_before"": false}",35
736,7,Carl,0,"[{""value"": ""2""}]","{""seen_before"": false}",36
737,8,Josh,0,"[{""value"": ""2""}]","{""seen_before"": false}",37
738,0,Dave,0,"[{""value"": ""2""}]","{""seen_before"": false}",38
739,1,Stuart,0,"[{""value"": ""1""}]","{""seen_before"": false}",39
740,2,Jerry,0,"[{""value"": ""1""}]","{""seen_before"": false}",40
741,3,Kevin,0,"[{""value"": ""2""}]","{""seen_before"": false}",41
742,4,Tim,0,"[{""value"": ""N""}]","{""seen_before"": false}",42
743,5,Mark,0,"[{""value"": ""N""}]","{""seen_before"": false}",43
744,6,Phil,0,"[{""value"": ""N""}]","{""seen_before"": false}",44
745,7,Carl,0,"[{""value"": ""1""}]","{""seen_before"": false}",45
746,8,Josh,0,"[{""value"": ""2""}]","{""seen_before"": false}",46
747,0,Dave,0,"[{""value"": ""2""}]","{""seen_before"": false}",47
748,1,Stuart,0,"[{""value"": ""2""}]","{""seen_before"": false}",48
749,2,Jerry,0,"[{""value"": ""1""}]","{""seen_before"": false}",49
750,3,Kevin,0,"[{""value"": ""1""}]","{""seen_before"": false}",50
751,4,Tim,0,"[{""value"": ""1""}]","{""seen_before"": false}",51
752,5,Mark,0,"[{""value"": ""2""}]","{""seen_before"": false}",52
753,6,Phil,0,"[{""value"": ""2""}]","{""seen_before"": false}",53
754,7,Carl,0,"[{""value"": ""2""}]","{""seen_before"": false}",54
755,8,Josh,0,"[{""value"": ""2""}]","{""seen_before"": false}",55
756,0,Dave,0,"[{""value"": ""N""}]","{""seen_before"": false}",56
757,1,Stuart,0,"[{""value"": ""N""}]","{""seen_before"": false}",57
758,2,Jerry,0,"[{""value"": ""2""}]","{""seen_before"": false}",58
759,3,Kevin,0,"[{""value"": ""N""}]","{""seen_before"": false}",59
760,4,Tim,0,"[{""value"": ""2""}]","{""seen_before"": false}",60
761,5,Mark,0,"[{""value"": ""N""}]","{""seen_before"": false}",61
762,6,Phil,0,"[{""value"": ""1""}]","{""seen_before"": false}",62
763,7,Carl,0,"[{""value"": ""1""}]","{""seen_before"": false}",63
764,8,Josh,0,"[{""value"": ""1""}]","{""seen_before"": false}",64
765,0,Dave,0,"[{""value"": ""N""}]","{""seen_before"": false}",65
766,1,Stuart,0,"[{""value"": ""N""}]","{""seen_before"": false}",66
767,2,Jerry,0,"[{""value"": ""1""}]","{""seen_before"": false}",67
768,3,Kevin,0,"[{""value"": ""1""}]","{""seen_before"": false}",68
769,4,Tim,0,"[{""value"": ""2""}]","{""seen_before"": false}",69
770,5,Mark,0,"[{""value"": ""N""}]","{""seen_before"": false}",70
771,6,Phil,0,"[{""value"": ""2""}]","{""seen_before"": false}",71
772,7,Carl,0,"[{""value"": ""2""}]","{""seen_before"": false}",72
773,8,Josh,0,"[{""value"": ""2""}]","{""seen_before"": false}",73
774,0,Dave,0,"[{""value"": ""N""}]","{""seen_before"": false}",74
775,1,Stuart,0,"[{""value"": ""N""}]","{""seen_before"": false}",75
776,2,Jerry,0,"[{""value"": ""N""}]","{""seen_before"": false}",76
777,3,Kevin,0,"[{""value"": ""N""}]","{""seen_before"": false}",77
778,4,Tim,0,"[{""value"": ""N""}]","{""seen_before"": false}",78
779,5,Mark,0,"[{""value"": ""1""}]","{""seen_before"": false}",79
780,6,Phil,0,"[{""value"": ""1""}]","{""seen_before"": false}",80
781,7,Carl,0,"[{""value"": ""N""}]","{""seen_before"": false}",81
782,8,Josh,0,"[{""value"": ""1""}]","{""seen_before"": false}",82
783,0,Dave,0,"[{""value"": ""1""}]","{""seen_before"": false}",83
784,1,Stuart,0,"[{""value"": ""N""}]","{""seen_before"": false}",84
785,2,Jerry,0,"[{""value"": ""N""}]","{""seen_before"": false}",85
786,3,Kevin,0,"[{""value"": ""N""}]","{""seen_before"": false}",86
787,4,Tim,0,"[{""value"": ""2""}]","{""seen_before"": false}",87
788,5,Mark,0,"[{""value"": ""1""}]","{""seen_before"": false}",88
789,6,Phil,0,"[{""value"": ""N""}]","{""seen_before"": false}",89
790,7,Carl,0,"[{""value"": ""1""}]","{""seen_before"": false}",90
791,8,Josh,0,"[{""value"": ""2""}]","{""seen_before"": false}",91
792,0,Dave,0,"[{""value"": ""1""}]","{""seen_before"": false}",92
793,1,Stuart,0,"[{""value"": ""N""}]","{""seen_before"": false}",93
794,2,Jerry,0,"[{""value"": ""1""}]","{""seen_before"": false}",94
795,3,Kevin,0,"[{""value"": ""1""}]","{""seen_before"": false}",95
796,4,Tim,0,"[{""value"": ""1""}]","{""seen_before"": false}",96
797,5,Mark,0,"[{""value"": ""N""}]","{""seen_before"": false}",97
798,6,Phil,0,"[{""value"": ""2""}]","{""seen_before"": false}",98
799,7,Carl,0,"[{""value"": ""N""}]","{""seen_before"": false}",99
800,8,Josh,0,"[{""value"": ""N""}]","{""seen_before"": false}",0
801,0,Dave,0,"[{""value"": ""N""}]","{""seen_before"": false}",1
802,1,Stuart,0,"[{""value"": ""N""}]","{""seen_before"": false}",2
803,2,Jerry,0,"[{""value"": ""N""}]","{""seen_before"": false}",3
804,3,Kevin,0,"[{""value"": ""N""}]","{""seen_before"": false}",4
805,4,Tim,0,"[{""value"": ""2""}]","{""seen_before"": false}",5
806,5,Mark,0,"[{""value"": ""2""}]","{""seen_before"": false}",6
807,6,Phil,0,"[{""value"": ""1""}]","{""seen_before"": false}",7
808,7,Carl,0,"[{""value"": ""1""}]","{""seen_before"": false}",8
809,8,Josh,0,"[{""value"": ""2""}]","{""seen_before"": false}",9
810,0,Dave,0,"[{""value"": ""2""}]","{""seen_before"": false}",10
811,1,Stuart,0,"[{""value"": ""2""}]","{""seen_before"": false}",11
812,2,Jerry,0,"[{""value"": ""2""}]","{""seen_before"": false}",12
813,3,Kevin,0,"[{""value"": ""2""}]","{""seen_before"": false}",13
814,4,Tim,0,"[{""value"": ""2""}]","{""seen_before"": false}",14
815,5,Mark,0,"[{""value"": ""N""}]","{""seen_before"": false}",15
816,6,Phil,0,"[{""value"": ""1""}]","{""seen_before"": false}",16
817,7,Carl,0,"[{""value"": ""2""}]","{""seen_before"": false}",17
818,8,Josh,0,"[{""value"": ""2""}]","{""seen_before"": false}",18
819,0,Dave,0,"[{""value"": ""1""}]","{""seen_before"": false}",19
820,1,Stuart,0,"[{""value"": ""2""}]","{""seen_before"": false}",20
821,2,Jerry,0,"[{""value"": ""2""}]","{""seen_before"": false}",21
822,3,Kevin,0,"[{""value"": ""2""}]","{""seen_before"": false}",22
823,4,Tim,0,"[{""value"": ""N""}]","{""seen_before"": false}",23
824,5,Mark,0,"[{""value"": ""1""}]","{""seen_before"": false}",24
825,6,Phil,0,"[{""value"": ""N""}]","{""seen_before"": false}",25
826,7,Carl,0,"[{""value"": ""1""}]","{""seen_before"": false}",26
827,8,Josh,0,"[{""value"": ""1""}]","{""seen_before"": false}",27
828,0,Dave,0,"[{""value"": ""1""}]","{""seen_before"": false}",28
829,1,Stuart,0,"[{""value"": ""1""}]","{""seen_before"": false}",29
830,2,Jerry,0,"[{""value"": ""N""}]","{""seen_before"": false}",30
831,3,Kevin,0,"[{""value"": ""2""}]","{""seen_before"": false}",31
832,4,Tim,0,"[{""value"": ""N""}]","{""seen_before"": false}",32
833,5,Mark,0,"[{""value"": ""1""}]","{""seen_before"": false}",33
834,6,Phil,0,"[{""value"": ""N""}]","{""seen_before"": false}",34
835,7,Carl,0,"[{""value"": ""N""}]","{""seen_before"": false}",35
836,8,Josh,0,"[{""value"": ""2""}]","{""seen_before"": false}",36
837,0,Dave,0,"[{""value"": ""1""}]","{""seen_before"": false}",37
838,1,Stuart,0,"[{""value"": ""2""}]","{""seen_before"": false}",38
839,2,Jerry,0,"[{""value"": ""N""}]","{""seen_before"": false}",39
840,3,Kevin,0,"[{""value"": ""2""}]","{""seen_before"": false}",40
841,4,Tim,0,"[{""value"": ""N""}]","{""seen_before"": false}",41
842,5,Mark,0,"[{""value"": ""2""}]","{""seen_before"": false}",42
843,6,Phil,0,"[{""value"": ""N""}]","{""seen_before"": false}",43
844,7,Carl,0,"[{""value"": ""1""}]","{""seen_before"": false}",44
845,8,Josh,0,"[{""value"": ""1""}]","{""seen_before"": false}",45
846,0,Dave,0,"[{""value"": ""1""}]","{""seen_before"": false}",46
847,1,Stuart,0,"[{""value"": ""2""}]","{""seen_before"": false}",47
848,2,Jerry,0,"[{""value"": ""2""}]","{""seen_before"": false}",48
849,3,Kevin,0,"[{""value"": ""2""}]","{""seen_before"": false}",49
850,4,Tim,0,"[{""value"": ""1""}]","{""seen_before"": false}",50
851,5,Mark,0,"[{""value"": ""N""}]","{""seen_before"": false}",51
852,6,Phil,0,"[{""value"": ""2""}]","{""seen_before"": false}",52
853,7,Carl,0,"[{""value"": ""1""}]","{""seen_before"": false}",53
854,8,Josh,0,"[{""value"": ""1""}]","{""seen_before"": false}",54
855,0,Dave,0,"[{""value"": ""N""}]","{""seen_before"": false}",55
856,1,Stuart,0,"[{""value"": ""N""}]","{""seen_before"": false}",56
857,2,Jerry,0,"[{""value"": ""1""}]","{""seen_before"": false}",57
858,3,Kevin,0,"[{""value"": ""2""}]","{""seen_before"": false}",58
859,4,Tim,0,"[{""value"": ""2""}]","{""seen_before"": false}",59
860,5,Mark,0,"[{""value"": ""1""}]","{""seen_before"": false}",60
861,6,Phil,0,"[{""value"": ""N""}]","{""seen_before"": false}",61
862,7,Carl,0,"[{""value"": ""N""}]","{""seen_before"": false}",62
863,8,Josh,0,"[{""value"": ""2""}]","{""seen_before"": false}",63
864,0,Dave,0,"[{""value"": ""2""}]","{""seen_before"": false}",64
865,1,Stuart,0,"[{""value"": ""N""}]","{""seen_before"": false}",65
866,2,Jerry,0,"[{""value"": ""1""}]","{""seen_before"": false}",66
867,3,Kevin,0,"[{""value"": ""2""}]","{""seen_before"": false}",67
868,4,Tim,0,"[{""value"": ""N""}]","{""seen_before"": false}",68
869,5,Mark,0,"[{""value"": ""2""}]","{""seen_before"": false}",69
870,6,Phil,0,"[{""value"": ""N""}]","{""seen_before"": false}",70
871,7,Carl,0,"[{""value"": ""1""}]","{""seen_before"": false}",71
872,8,Josh,0,"[{""value"": ""1""}]","{""seen_before"": false}",72
873,0,Dave,0,"[{""value"": ""1""}]","{""seen_before"": false}",73
874,1,Stuart,0,"[{""value"": ""N""}]","{""seen_before"": false}",74
875,2,Jerry,0,"[{""value"": ""2""}]","{""seen_before"": false}",75
876,3,Kevin,0,"[{""value"": ""1""}]","{""seen_before"": false}",76
877,4,Tim,0,"[{""value"": ""1""}]","{""seen_before"": false}",77
878,5,Mark,0,"[{""value"": ""N""}]","{""seen_before"": false}",78
879,6,Phil,0,"[{""value"": ""2""}]","{""seen_before"": false}",79
880,7,Carl,0,"[{""value"": ""2""}]","{""seen_before"": false}",80
881,8,Josh,0,"[{""value"": ""1""}]","{""seen_before"": false}",81
882,0,Dave,0,"[{""value"": ""2""}]","{""seen_before"": false}",82
883,1,Stuart,0,"[{""value"": ""1""}]","{""seen_before"": false}",83
884,2,Jerry,0,"[{""value"": ""N""}]","{""seen_before"": false}",84
885,3,Kevin,0,"[{""value"": ""2""}]","{""seen_before"": false}",85
886,4,Tim,0,"[{""value"": ""1""}]","{""seen_before"": false}",86
887,5,Mark,0,"[{""value"": ""2""}]","{""seen_before"": false}",87
888,6,Phil,0,"[{""value"": ""N""}]","{""seen_before"": false}",88
889,7,Carl,0,"[{""value"": ""N""}]","{""seen_before"": false}",89
890,8,Josh,0,"[{""value"": ""2""}]","{""seen_before"": false}",90
891,0,Dave,0,"[{""value"": ""2""}]","{""seen_before"": false}",91
892,1,Stuart,0,"[{""value"": ""1""}]","{""seen_before"": false}",92
893,2,Jerry,0,"[{""value"": ""1""}]","{""seen_before"": false}",93
894,3,Kevin,0,"[{""value"": ""N""}]","{""seen_before"": false}",94
895,4,Tim,0,"[{""value"": ""N""}]","{""seen_before"": false}",95
896,5,Mark,0,"[{""value"": ""2""}]","{""seen_before"": false}",96
897,6,Phil,0,"[{""value"": ""N""}]","{""seen_before"": false}",97
898,7,Carl,0,"[{""value"": ""N""}]","{""seen_before"": false}",98
899,8,Josh,0,"[{""value"": ""2""}]","{""seen_before"": false}",99
